{"confusion_matrix": [[172, 0], [30, 0]], "classification_report": {"fake": {"precision": 0.8514851485148515, "recall": 1.0, "f1-score": 0.9197860962566845, "support": 172.0}, "real": {"precision": 0.0, "recall": 0.0, "f1-score": 0.0, "support": 30.0}, "accuracy": 0.8514851485148515, "macro avg": {"precision": 0.42574257425742573, "recall": 0.5, "f1-score": 0.45989304812834225, "support": 202.0}, "weighted avg": {"precision": 0.7250269581413588, "recall": 0.8514851485148515, "f1-score": 0.7831842007730185, "support": 202.0}}, "label_names": ["fake", "real"], "num_eval_images": 202}